id,accountNumber,bankName,bankCountry,currency,balance,companyId,openedDate,accountType,swiftCode,flagLevel
ba001,BVI-88120-001,FirstBank BVI,British Virgin Islands,USD,2450000.00,c001,2019-04-01,corporate,FBBVIBVIXXX,NONE
ba002,CH-ZH-443210,Zurich Cantonal Bank,Switzerland,CHF,5870000.00,c002,2017-09-01,corporate,ZKBKCHZZ80A,NONE
ba003,CH-ZH-443211,Zurich Cantonal Bank,Switzerland,CHF,320000.00,c002,2019-01-15,operating,ZKBKCHZZ80A,NONE
ba004,DE-WIL-991201,Bank of Delaware,USA,USD,980000.00,c003,2018-02-01,corporate,BODEUS33XXX,NONE
ba005,SG-RAF-112233,DBS Bank,Singapore,SGD,1200000.00,c004,2018-07-15,corporate,DBSSSGSGXXX,NONE
ba006,CI-GEO-554433,Cayman National Bank,Cayman Islands,USD,7500000.00,c005,2020-03-01,corporate,CASYCAYIXXX,NONE
ba007,CH-BS-889900,UBS Basel,Switzerland,CHF,3100000.00,c006,2015-12-01,corporate,UBSWCHZH80A,NONE
ba008,DE-DOV-338899,First State Bank,USA,USD,450000.00,c007,2016-05-01,corporate,FSBDUS33XXX,NONE
ba009,BVI-88120-002,FirstBank BVI,British Virgin Islands,USD,870000.00,c008,2021-08-01,corporate,FBBVIBVIXXX,NONE
ba010,SG-ORC-556677,OCBC Bank,Singapore,SGD,9200000.00,c009,2020-10-01,corporate,OCBCSGSGXXX,NONE
ba011,SG-ORC-556678,OCBC Bank,Singapore,SGD,150000.00,c009,2021-03-15,operating,OCBCSGSGXXX,NONE
ba012,HK-WAN-223344,HSBC Hong Kong,Hong Kong,HKD,4300000.00,c010,2014-12-15,corporate,HSBCHKHHXXX,NONE
ba013,CI-GEO-778899,Cayman National Bank,Cayman Islands,USD,1800000.00,c011,2017-04-01,corporate,CASYCAYIXXX,NONE
ba014,BVI-88120-003,FirstBank BVI,British Virgin Islands,USD,3200000.00,c012,2022-02-01,corporate,FBBVIBVIXXX,NONE
ba015,DE-SF-665544,Silicon Valley Bank,USA,USD,6700000.00,c013,2019-11-01,corporate,SVBKUS6SXXX,NONE
ba016,CI-GEO-990011,Cayman National Bank,Cayman Islands,USD,920000.00,c014,2018-12-01,corporate,CASYCAYIXXX,NONE
ba017,SG-JUR-334455,Maybank Singapore,Singapore,SGD,2800000.00,c015,2015-06-01,corporate,MBBESGSGXXX,NONE
ba018,CH-GEN-112244,Julius Baer,Switzerland,CHF,15000000.00,c016,2016-08-01,corporate,BAERCHZZXXX,NONE
ba019,BVI-88120-004,FirstBank BVI,British Virgin Islands,USD,550000.00,c017,2023-03-01,corporate,FBBVIBVIXXX,NONE
ba020,HK-CEN-445566,Standard Chartered HK,Hong Kong,HKD,2200000.00,c018,2020-05-01,corporate,SCBLHKHHXXX,NONE
ba021,CI-GEO-223355,Cayman National Bank,Cayman Islands,USD,4900000.00,c019,2021-10-01,corporate,CASYCAYIXXX,NONE
ba022,SG-AFF-778890,United Overseas Bank,Singapore,SGD,3400000.00,c020,2018-01-01,corporate,UOVBSGSGXXX,NONE
ba023,BVI-88120-005,FirstBank BVI,British Virgin Islands,USD,1100000.00,c001,2021-06-01,secondary,FBBVIBVIXXX,NONE
ba024,CI-GEO-667788,Cayman National Bank,Cayman Islands,USD,290000.00,c005,2022-09-01,secondary,CASYCAYIXXX,NONE
ba025,SG-RAF-998877,DBS Bank,Singapore,SGD,780000.00,c004,2021-11-15,secondary,DBSSSGSGXXX,NONE
ba026,CH-ZH-776655,Credit Suisse Zurich,Switzerland,CHF,410000.00,c016,2020-02-01,secondary,CRESCHZZ80A,NONE
ba027,HK-WAN-334455,Bank of China HK,Hong Kong,HKD,6600000.00,c010,2018-07-01,secondary,BKCHKHHHXXX,NONE
ba028,DE-DOV-112200,Wilmington Trust,USA,USD,1750000.00,c007,2020-01-01,secondary,WILMUS33XXX,NONE
ba029,SG-ORC-112244,Standard Chartered SG,Singapore,SGD,990000.00,c009,2022-06-01,secondary,SCBLSGSGXXX,NONE
ba030,CI-GEO-554400,Butterfield Bank,Cayman Islands,USD,8300000.00,c019,2022-12-15,corporate,BUTTCAYIXXX,NONE
ba033,UK-LON-123456,Barclays,UK,GBP,500000.00,c021,2022-02-01,corporate,BARCUK22XXX,NONE
ba034,US-NYC-654321,JP Morgan,USA,USD,1000000.00,c022,2023-02-01,corporate,CHASUS33XXX,NONE
ba035,CA-TOR-987654,Royal Bank of Canada,Canada,CAD,750000.00,c023,2021-07-01,corporate,ROYCCAT22XXX,NONE
ba040,JP-TYO-100200,Mitsubishi UFJ,Japan,JPY,10000000,c024,2022-06-01,corporate,MUFJJPTYXXX,NONE
ba041,UK-LON-889900,HSBC UK,UK,GBP,200000,c025,2021-12-01,corporate,HSBCUKLWXXX,NONE
ba042,SG-SIN-123987,DBS,Singapore,SGD,50000,c026,2023-02-01,corporate,DBSSSGSGXXX,NONE
ba043,GR-ATH-445566,Piraeus Bank,Greece,EUR,300000,c027,2020-09-01,corporate,PIRBGRAMXXX,NONE
ba044,CA-VAN-112233,Scotiabank,Canada,CAD,400000,c028,2019-05-01,corporate,NOSCCATTXXX,NONE
ba045,NO-OSL-778899,DNB Bank,Norway,NOK,1500000,c029,2021-03-01,corporate,DNBNNOKKXXX,NONE
ba046,US-SD-334455,Wells Fargo,USA,USD,800000,c030,2022-10-01,corporate,WELSUS66XXX,NONE
ba047,DE-BER-556677,Deutsche Bank,Germany,EUR,600000,c031,2018-07-01,corporate,DEUTDEFFXXX,NONE
ba048,IT-VEN-889911,UniCredit,Italy,EUR,250000,c032,2023-04-01,corporate,UNCRITMMXXX,NONE
ba049,FR-PAR-223344,BNP Paribas,France,EUR,900000,c033,2021-01-01,corporate,BNPAFRPPXXX,NONE
ba050,CN-SHA-556688,ICBC,China,CNY,2000000,c034,2021-06-01,corporate,ICBCCNBJXXX,NONE
ba051,ES-MAD-112244,Santander,Spain,EUR,450000,c035,2019-08-01,corporate,BSADESMMXXX,NONE
ba052,AU-SYD-990011,Westpac,Australia,AUD,700000,c036,2022-02-01,corporate,WPACAU2SXXX,NONE
ba053,TH-BKK-334466,Kasikornbank,Thailand,THB,3000000,c037,2023-03-01,corporate,KASITHBKXXX,NONE
ba054,TR-IST-556699,Isbank,Turkey,TRY,500000,c038,2021-09-01,corporate,ISBKTRISXXX,NONE
ba055,IE-DUB-112255,Bank of Ireland,Ireland,EUR,350000,c039,2020-04-01,corporate,BOFIIE2DXXX,NONE
ba056,ZA-JNB-445577,Standard Bank,South Africa,ZAR,2000000,c040,2018-12-01,corporate,SBZAJAZJXXX,NONE
ba057,BR-RIO-889922,Itau,Brazil,BRL,1000000,c041,2022-07-01,corporate,ITAUBRSPXXX,NONE
ba058,TZ-ARU-223355,CRDB Bank,Tanzania,TZS,500000000,c042,2023-05-01,corporate,CRDBTZTZXXX,NONE
ba059,KR-SEL-556600,Kookmin Bank,Korea,KRW,600000000,c043,2022-01-01,corporate,KOOKKRSEXXX,NONE
ba060,DK-CPH-112266,Danske Bank,Denmark,DKK,1200000,c044,2020-10-01,corporate,DABA DK22XXX,NONE
ba061,RU-MOS-445588,Sberbank,Russia,RUB,10000000,c045,2019-03-01,corporate,SBERRUMMXXX,NONE
ba062,MV-MAL-889933,Bank of Maldives,Maldives,MVR,500000,c046,2022-11-01,corporate,BMLD MVMMXXX,NONE
ba063,NZ-AKL-223366,ANZ New Zealand,New Zealand,NZD,250000,c047,2023-06-01,corporate,ANZBNZ22XXX,NONE
ba064,AE-DXB-556611,Emirates NBD,UAE,AED,1500000,c048,2021-02-01,corporate,ENBD AEADXXX,NONE
ba065,IS-REK-112277,Arion Bank,Iceland,ISK,10000000,c049,2020-07-01,corporate,ARIONISREXXX,NONE
ba066,PT-LIS-445599,Millennium BCP,Portugal,EUR,300000,c050,2018-04-01,corporate,BCPPPTPLXXX,NONE
ba067,CL-SAN-889944,Banco de Chile,Chile,CLP,200000000,c051,2022-08-01,corporate,BCHICLSGXXX,NONE
ba068,NL-AMS-223377,ING Bank,Netherlands,EUR,500000,c052,2023-09-01,corporate,INGBNL2AXXX,NONE
ba069,BE-BRU-556622,KBC Bank,Belgium,EUR,400000,c053,2021-05-01,corporate,KRED BEBBXXX,NONE
ba070,US-SFO-123456,Wells Fargo,USA,USD,1000000,c054,2022-02-01,corporate,WELSUS66XXX,NONE
ba071,US-NYC-456789,Chase Bank,USA,USD,500000,c055,2021-06-01,corporate,CHASUS33XXX,NONE
ba072,US-NYC-789012,Citibank,USA,USD,750000,c056,2023-02-01,corporate,CITIUS33XXX,NONE
ba073,FR-PAR-123456,Societe Generale,France,EUR,300000,c057,2020-04-01,corporate,SOGEFRPTXXX,NONE
ba074,UK-LON-456789,Lloyds Bank,UK,GBP,200000,c058,2021-07-01,corporate,LOYDUKLLXXX,NONE
ba075,IT-ROM-789012,Intesa Sanpaolo,Italy,EUR,400000,c059,2022-09-01,corporate,ISPAITMMXXX,NONE
ba076,EG-CAI-123456,National Bank of Egypt,Egypt,EGP,5000000,c060,2019-03-01,corporate,NBEGEGCXXX,NONE
ba077,CH-ZUR-456789,Credit Suisse,Switzerland,CHF,600000,c061,2023-05-01,corporate,CRESCHZZXXX,NONE
ba078,BR-MAN-789012,Banco do Brasil,Brazil,BRL,1000000,c062,2022-01-01,corporate,BRASBRRJXXX,NONE
ba079,MA-CAS-123456,Attijariwafa Bank,Morocco,MAD,2000000,c063,2020-10-01,corporate,AWBAMAXXXXX,NONE
ba080,CL-SAN-456789,Banco Santander Chile,Chile,CLP,300000000,c064,2022-11-01,corporate,BSCHCLSXXXX,NONE
ba081,NO-BER-789012,SpareBank 1,Norway,NOK,2000000,c065,2023-06-01,corporate,SPB1NOBBXXX,NONE
ba082,FJ-SUV-123456,ANZ Fiji,Fiji,FJD,100000,c066,2021-03-01,corporate,ANZBFJSXXXX,NONE
ba083,NP-KAT-456789,Nepal Bank,Nepal,NPR,10000000,c067,2020-08-01,corporate,NEPBNPKAXXX,NONE
ba084,CN-BEI-789012,Bank of China,China,CNY,5000000,c068,2018-05-01,corporate,BKCHCNBJXXX,NONE
ba085,AU-SYD-123456,CommBank,Australia,AUD,600000,c069,2022-12-01,corporate,CTBAAU2SXXX,NONE
ba086,JP-TYO-456789,Mizuho Bank,Japan,JPY,20000000,c070,2021-04-01,corporate,MIZUPYTYXXX,NONE
ba087,TZ-MOS-789012,NMB Bank,Tanzania,TZS,1000000000,c071,2023-07-01,corporate,NMBS TZTZXXX,NONE
ba088,EG-LUX-123456,Banque Misr,Egypt,EGP,3000000,c072,2020-11-01,corporate,BMIREGCXXX,NONE
ba089,BR-BEL-456789,Caixa Economica,Brazil,BRL,800000,c073,2019-04-01,corporate,CAIXBRSPXXX,NONE
ba090,AU-ALI-789012,NAB,Australia,AUD,400000,c074,2022-02-01,corporate,NATA AU33XXX,NONE
ba091,NO-OSL-123456,Nordea,Norway,NOK,1800000,c075,2021-09-01,corporate,NORD NO22XXX,NONE
ba092,FR-BOR-456789,Credit Agricole,France,EUR,250000,c076,2020-05-01,corporate,CAGR FRPPXXX,NONE
ba093,IT-FLO-789012,Banca MPS,Italy,EUR,150000,c077,2018-12-01,corporate,PASC ITMMXXX,NONE
ba094,CH-GEN-123456,Pictet & Cie,Switzerland,CHF,10000000,c078,2023-03-01,corporate,PICT CHZZXXX,NONE
ba095,UK-LON-456790,Standard Chartered,UK,GBP,350000,c079,2021-10-01,corporate,SCBL UK LWXXX,NONE
ba096,NL-AMS-789012,Rabobank,Netherlands,EUR,550000,c080,2023-01-01,corporate,RABO NL2UXXX,NONE
ba097,DE-MUN-123456,Commerzbank,Germany,EUR,450000,c081,2019-07-01,corporate,COBA DEFFXXX,NONE
ba098,ES-SEV-456789,CaixaBank,Spain,EUR,300000,c082,2020-12-01,corporate,CAIX ESMMXXX,NONE
ba099,GR-PIR-789012,Alpha Bank,Greece,EUR,200000,c083,2021-08-01,corporate,ALPH GRAMXXX,NONE
